{"Usernames": [{"name": "Suyeon", "PIP": [[0.0003542601519845532, 0.08187577277336973, -40.81452049846472], [0.0013259539787755965, -0.8160578623017903, 125.0447375273528], [0.00011548913764924723, 0.15936306280378904, -41.28112233140436], [-0.0008626114884659635, 0.9649367418241833, -168.18033462815598]], "MPCx": [[0.0021911241534086595, -1.846568177338914, 384.33623242900023], [0.00044091710758377347, -0.09435626102292728, -19.09479717813058], [0.0014660219374561321, -1.0297001624640625, 179.97822596925442], [0.0004464979034011485, -0.17774499145829992, 1.57829243671351]], "MPCz": [504.0, 316.0, 501.0, 471.0]}, {"name": "test", "PIP": [[0.0008804582841093997, -0.3657022490693897, 34.217038539554174], [0.0023549128988060207, -1.747651203758066, 316.30636499314744], [8.15597327947798e-05, 0.2163197141525556, -65.3947801771011], [-0.00011001326026496353, 0.4311199643263671, -90.28673856155581]], "MPCx": [[-0.0014274175579321766, 2.1762199197859995, -718.9093137254637], [-0.00128588516746411, 1.76351674641148, -518.567494019138], [-0.00046702173381981554, 0.9149217036430272, -301.88448168425595], [-1.3879759091796987e-05, 0.274369525823014, -100.40875612930161]], "MPCz": [505.0, 398.0, 501.0, 470.0]}, {"name": "test", "PIP": [[0.00038865904508212745, -0.008196645234342916, -16.044947548431807], [0.001491881576677598, -0.9021395765050932, 119.50723434535168], [0.00030142162631304604, 0.005605087545484664, -11.826443459624954], [0.00018688794198998368, 0.20090453763923097, -49.873663751214686]], "MPCx": [[-0.0002450016724665042, 0.57605468085231, -180.7815582693193], [-6.0604301710404054e-05, 0.3356530839053728, -102.98212258457663], [0.0008067046283606886, -0.4160155274805042, 45.70384513059874], [0.0009947301407653745, -0.6106095706302681, 86.50473933649465]], "MPCz": [523.0, 300.0, 515.0, 480.0]}]}